{"cameraMode":{"drawMode":0,"name":"Shaded","section":"Shading Mode"},"sceneLighting":true,"audioPlay":false,"sceneViewState":{"showFog":true,"showMaterialUpdate":false,"showSkybox":true,"showFlares":true,"showImageEffects":true,"showParticleSystems":true},"in2DMode":false,"pivot":{"x":-0.8601764440536499,"y":10.508087158203125,"z":-2.2571187019348146},"rotation":{"x":0.5723100304603577,"y":0.0019526617834344507,"z":-0.0013377228751778603,"w":0.820053219795227},"size":24.63567352294922,"orthographic":false}